1.09,0.0,0.0,0.0
1.091,0.0,0.0,0.0
1.092,1.3877787807814457e-17,0.0,0.0
1.093,0.0,0.0,0.0
1.094,0.0,0.0,0.0
1.095,0.0,0.0,0.0
1.096,0.0,0.0,0.0
1.097,0.0,0.0,0.0
1.098,0.0,0.0,0.0
1.099,0.0,0.0,0.0
1.1,0.0,0.0,0.0
1.101,1.3877787807814457e-17,0.0,0.0
1.102,0.0,0.0,0.0
1.103,0.0,0.0,0.0
1.104,0.0,0.0,0.0
1.105,0.0,0.0,0.0
1.106,0.0,0.0,0.0
1.107,0.0,0.0,0.0
1.108,0.0,0.0,0.0
1.109,0.0,0.0,0.0
1.11,0.0,0.0,0.0
1.111,0.0,0.0,0.0
1.112,0.0,0.0,0.0
1.113,0.0,0.0,0.0
1.114,0.0,0.0,0.0
1.115,0.0,0.0,0.0
1.116,0.0,0.0,0.0
1.117,0.0,0.0,0.0
1.118,0.0,0.0,0.0
1.119,0.0,0.0,0.0
1.12,0.0,0.0,0.0
1.121,0.0,0.0,0.0
1.122,0.0,0.0,0.0
1.123,0.0,0.0,0.0
1.124,0.0,0.0,0.0
1.125,0.0,0.0,0.0
1.126,0.0,0.0,0.0
1.127,0.0,0.0,0.0
1.128,0.0,0.0,0.0
1.129,0.0,0.0,0.0
1.13,0.0,0.0,0.0
1.131,0.0,0.0,0.0
1.132,1.3877787807814457e-17,0.0,0.0
1.133,0.0,0.0,0.0
1.134,1.3877787807814457e-17,0.0,0.0
1.135,1.3877787807814457e-17,0.0,0.0
1.136,0.0,0.0,0.0
1.137,0.0,0.0,0.0
1.138,0.0,0.0,0.0
1.139,0.0,0.0,0.0
1.14,0.0,0.0,0.0
1.141,0.0,0.0,0.0
1.142,0.0,0.0,0.0
1.143,0.0,0.0,0.0
1.144,0.0,0.0,0.0
1.145,0.0,0.0,0.0
1.146,0.0,0.0,0.0
1.147,0.0,0.0,0.0
1.148,0.0,0.0,0.0
1.149,0.0,0.0,0.0
1.15,0.0,0.0,0.0
1.151,0.0,0.0,0.0
1.152,0.0,0.0,0.0
1.153,0.0,0.0,0.0
1.154,0.0,0.0,0.0
1.155,0.0,0.0,0.0
1.156,0.0,0.0,0.0
1.157,0.0,0.0,0.0
1.158,0.0,0.0,0.0
1.159,0.0,0.0,0.0
1.16,0.0,0.0,0.0
1.161,0.0,0.0,0.0
1.162,1.3877787807814457e-17,0.0,0.0
1.163,0.0,0.0,0.0
1.164,0.0,0.0,0.0
1.165,1.3877787807814457e-17,0.0,0.0
1.166,1.3877787807814457e-17,0.0,0.0
1.167,0.0,0.0,0.0
1.168,0.0,0.0,0.0
1.169,1.3877787807814457e-17,0.0,0.0
1.17,1.3877787807814457e-17,0.0,0.0
1.171,0.0,0.0,0.0
1.172,0.0,0.0,0.0
1.173,0.0,0.0,0.0
1.174,2.3096969606543364e-5,0.0,0.0
1.175,5.261619464127099e-5,0.0,0.0
1.176,9.074819200720867e-5,0.0,0.0
1.177,0.0001172089784165867,0.0,0.0
1.178,0.0001780388505091956,0.0,0.0
1.179,0.00017227210112717652,0.0,0.0
1.18,0.0002285500369563391,0.0,0.0
1.181,0.0003178123908297616,0.0,0.0
1.182,0.0003141951586596566,0.0,0.0
1.183,0.0003222008322207528,0.0,0.0
1.184,0.0003322069866721369,0.0,0.0
1.185,0.0003918823872534829,0.0,0.0
1.186,0.0004479926850192147,0.0,0.0
1.187,0.0003836643721453744,0.0,0.0
1.188,0.00032678293928786094,0.0,0.0
1.189,0.0002982844685046273,0.0,0.0
1.19,0.0003341925416915017,0.0,0.0
1.191,0.0003386704641787605,0.0,0.0
1.192,0.00037089410171196234,0.0,0.0
1.193,0.00041368651137038047,0.0,0.0
1.194,0.00046942432952566915,0.0,0.0
1.195,0.0005038684377543525,0.0,0.0
1.196,0.0005351383762614327,0.0,0.0
1.197,0.0005437662968508796,0.0,0.0
1.198,0.0005950858960024909,0.0,0.0
1.199,0.0006283005843035773,0.0,0.0
1.2,0.0006664964353308155,0.0,0.0
1.201,0.0007158561068980292,0.0,0.0
1.202,0.0007547198051420945,0.0,0.0
1.203,0.000785012247740481,0.0,0.0
1.204,0.0008041714404551582,0.0,0.0
1.205,0.0007940572772948342,0.0,0.0
1.206,0.000821259969619194,0.0,0.0
1.207,0.0008087311957804756,0.0,0.0
1.208,0.0007903363348516617,0.0,0.0
1.209,0.0007907753953806953,0.0,0.0
1.21,0.0007820320402113991,0.0,0.0
1.211,0.000792950866076191,0.0,0.0
1.212,0.000793722075297091,0.0,0.0
1.213,0.0008604121728007393,0.0,0.0
1.214,0.0008878713617198066,0.0,0.0
1.215,0.0009113816440837121,0.0,0.0
1.216,0.0009580175760756455,0.0,0.0
1.217,0.0010301849017016486,0.0,0.0
1.218,0.0010405454824575853,0.0,0.0
1.219,0.0010495344843992663,0.0,0.0
1.22,0.001071492291542699,0.0,0.0
1.221,0.0010748027283160285,0.0,0.0
1.222,0.001146946650816639,0.0,0.0
1.223,0.0011509960660807685,0.0,0.0
1.224,0.001201171902271946,0.0,0.0
1.225,0.001224015456511219,0.0,0.0
1.226,0.0012492504988638959,0.0,0.0
1.227,0.0012867381939761376,0.0,0.0
1.228,0.001324408304764469,0.0,0.0
1.229,0.0013497215782134133,0.0,0.0
1.23,0.0014082757158343391,0.0,0.0
1.231,0.0014282582471243934,0.0,0.0
1.232,0.0014478271229331095,0.0,0.0
1.233,0.0014917036661974982,0.0,0.0
1.234,0.0015067238884226876,0.0,0.0
1.235,0.0015239571554724906,0.0,0.0
1.236,0.0015680794196383553,0.0,0.0
1.237,0.0015964029747454719,0.0,0.0
1.238,0.0016547931501738622,0.0,0.0
1.239,0.0016918224121920662,0.0,0.0
1.24,0.0017294478936259346,0.0,0.0
1.241,0.0017697667599455911,0.0,0.0
1.242,0.0018086177630488472,0.0,0.0
1.243,0.0018249271828143334,0.0,0.0
1.244,0.0018438850615946844,0.0,0.0
1.245,0.0018880260016314585,0.0,0.0
1.246,0.001898468089176853,0.0,0.0
1.247,0.001921378624512394,0.0,0.0
1.248,0.0019405117896143988,0.0,0.0
1.249,0.0019915108161227294,0.0,0.0
1.25,0.00200166600689574,0.0,0.0
1.251,0.0020057005704180795,0.0,0.0
1.252,0.0020352421471945843,0.0,0.0
1.253,0.0020676483486620975,0.0,0.0
1.254,0.0021229130302397804,0.0,0.0
1.255,0.0021580387924639774,0.0,0.0
1.256,0.0022175727308528024,0.0,0.0
1.257,0.0022786190876833996,0.0,0.0
1.258,0.0023077731107203694,0.0,0.0
1.259,0.002355155053316791,0.0,0.0
1.26,0.002417240766140659,0.0,0.0
1.261,0.0024525007870738113,0.0,0.0
1.262,0.0024904762481181217,0.0,0.0
1.263,0.002506327383047779,0.0,0.0
1.264,0.0025135246439044073,0.0,0.0
1.265,0.002553176633841236,0.0,0.0
1.266,0.0025790935525767545,0.0,0.0
1.267,0.0025713895534007283,0.0,0.0
1.268,0.002593651888224323,0.0,0.0
1.269,0.002637565709101399,0.0,0.0
1.27,0.0026837667593829235,0.0,0.0
1.271,0.0027569872413603855,0.0,0.0
1.272,0.002773974565121372,0.0,0.0
1.273,0.0027798978508250314,0.0,0.0
1.274,0.002780270330435488,0.0,0.0
1.275,0.0028083515439955783,0.0,0.0
1.276,0.0028706720242373546,0.0,0.0
1.277,0.002939701628758152,0.0,0.0
1.278,0.0029616509650675846,0.0,0.0
1.279,0.0030181376407019695,0.0,0.0
1.28,0.003046352890583713,0.0,0.0
1.281,0.0030874950954787334,0.0,0.0
1.282,0.0031373058038012573,0.0,0.0
1.283,0.0032165019232241712,0.0,0.0
1.284,0.0033133370945326894,0.0,0.0
1.285,0.003385618803354938,0.0,0.0
1.286,0.003424779129101475,0.0,0.0
1.287,0.003430028112551426,0.0,0.0
1.288,0.003503848341557224,0.0,0.0
1.289,0.0035470393325678896,0.0,0.0
1.29,0.003589915506128678,0.0,0.0
1.291,0.003652312286402423,0.0,0.0
1.292,0.0037252014646403393,0.0,0.0
1.293,0.003806960386110981,0.0,0.0
1.294,0.0038689492660968047,0.0,0.0
1.295,0.003905890903953919,0.0,0.0
1.296,0.003929056701513967,0.0,0.0
1.297,0.003977958562552174,0.0,0.0
1.298,0.004033331326967915,0.0,0.0
1.299,0.004068218645903309,0.0,0.0
1.3,0.0041201417420832715,0.0,0.0
1.301,0.004169247184865,6.918980952301927e-6,0.0
1.302,0.004201601330514932,3.6240324219733824e-6,0.0
1.303,0.004199272939014511,4.634097561813616e-5,0.0
1.304,0.0042435654981018015,6.97630729521316e-5,0.0
1.305,0.004258536335318168,0.00010211894238379199,0.0
1.306,0.004252740920423053,0.00014474991182533887,0.0
1.307,0.004293347238473373,0.0001705754898341207,0.0
1.308,0.0043379952068368765,0.00017508849135389556,0.0
1.309,0.004386694443823344,0.00016453186402090806,0.0
1.31,0.00439818092063312,0.00023168989383574008,0.0
1.311,0.0044168231542503055,0.0002816743933903941,0.0
1.312,0.004398520908339998,0.0003468171985863842,0.0
1.313,0.004477018396131296,0.0003327532144857351,0.0
1.314,0.00446969368069542,0.0003783200360061642,0.0
1.315,0.0045065398067827365,0.0003741781757933684,0.0
1.316,0.004484746599117967,0.0004432236319055301,0.0
1.317,0.004550905616997902,0.000462974037651,0.0
1.318,0.004608649986278332,0.00048057585857873275,0.0
1.319,0.00464384562916303,0.0005091833462980718,0.0
1.32,0.004679107487509808,0.0005345077630295135,0.0
1.321,0.004647366805364353,0.000612416978817132,0.0
1.322,0.004724611617562523,0.0006408259281355926,0.0
1.323,0.004761068189069793,0.0006926748094675354,0.0
1.324,0.004823746376325012,0.0007002723909661269,0.0
1.325,0.004876595560777925,0.0007644801667988894,0.0
1.326,0.0049052384448050245,0.0008487364600805556,0.0
1.327,0.004913624960642209,0.0009040416674879246,0.0
1.328,0.0049828690641838405,0.0009017746019520146,0.0
1.329,0.005010719339105954,0.0009406837579394523,0.0
1.33,0.005050177685343348,0.0009786600465246601,0.0
1.331,0.00504010604512429,0.0010667664171176655,0.0
1.332,0.005032374060362466,0.001140811229153328,0.0
1.333,0.005103937618603461,0.0011609672734828234,0.0
1.334,0.005162536313343742,0.0012267761476030246,0.0
1.335,0.0051583852265106615,0.0012775334865537157,0.0
1.336,0.005247373620186601,0.0012902119517078409,0.0
1.337,0.005210188405345795,0.0014113123389257445,0.0
1.338,0.005306686690668169,0.0014211483703826828,0.0
1.339,0.005360053923774639,0.0014810750599782146,0.0
1.34,0.005388214686104181,0.0015488138096533448,0.0
1.341,0.0054508643686005465,0.001575527054723546,0.0
1.342,0.005389812689108377,0.0016744125298596992,0.0
1.343,0.005405814787889956,0.0017154236140086937,0.0
1.344,0.005480553306176733,0.0017775452141315306,0.0
1.345,0.005457911450333047,0.0018745177295031688,0.0
1.346,0.0054953789215525526,0.0019427131420790746,0.0
1.347,0.00553664556413812,0.002001927053232258,0.0
1.348,0.005604864558449138,0.0020674566521599667,0.0
1.349,0.005638186231975929,0.002140697519543184,0.0
1.35,0.005663174046080798,0.0022132645124824635,0.0
1.351,0.0057106530224862425,0.0022791934861746107,0.0
1.352,0.005767026117416853,0.002367782041692509,0.0
1.353,0.005767463085597943,0.0024706094140123226,0.0
1.354,0.005782065137056111,0.0025447340606072366,0.0
1.355,0.005799036695612325,0.0026154439587144185,0.0
1.356,0.005869959770939828,0.002685919484856115,0.0
1.357,0.005844758897679977,0.0028187204450271174,0.0
1.358,0.00591421971853285,0.002877596899829359,0.0
1.359,0.005946874278976283,0.0029927250665873,0.0
1.36,0.0060056335353201925,0.003083768575079665,0.0
1.361,0.006000664853483327,0.0031815077420133796,0.0
1.362,0.006078253962296811,0.0032282746801472035,0.0
1.363,0.006004346314668429,0.00338396140990664,0.0
1.364,0.0060980638744105795,0.003468973237808974,0.0
1.365,0.006150376319316066,0.0035846660618089232,0.0
1.366,0.006180937075818273,0.003708064747068501,0.0
1.367,0.006257670281298608,0.003777977895899725,0.0
1.368,0.006243155152138061,0.003923293168147585,0.0
1.369,0.006244026173312398,0.0040663325641832095,0.0
1.37,0.006340966843545133,0.004134206888363507,0.0
1.371,0.006397651680276001,0.004241630089394488,0.0
1.372,0.0064337341662028215,0.004393015976732543,0.0
1.373,0.0064114726122222266,0.004553720071807944,0.0
1.374,0.006443683648045511,0.004657808353477266,0.0
1.375,0.00649406228151537,0.00480120403287319,0.0
1.376,0.00656016666417395,0.0049251399639172345,0.0
1.377,0.006591864846680532,0.005049728609735986,0.0
1.378,0.006634933819387099,0.005179024253975825,0.0
1.379,0.006701767271802267,0.005281575773186903,0.0
1.38,0.0066763737677154504,0.0054443781264425905,0.0
1.381,0.00673099515031953,0.005552275900989676,0.0
1.382,0.0067392253025790605,0.00573700762639839,0.0
1.383,0.006796190339866391,0.005891501787967469,0.0
1.384,0.006800076945383774,0.006044603038320149,0.0
1.385,0.006807908144140491,0.0061822870514545636,0.0
1.386,0.006893666116437458,0.0063196764362039365,0.0
1.387,0.006847067404743784,0.006521005192936973,0.0
1.388,0.0069159107346560755,0.006674355356347213,0.0
1.389,0.006975161650858018,0.006819739154487514,0.0
1.39,0.007039306287458259,0.00698055814863374,0.0
1.391,0.007000853463960032,0.007181480073828228,0.0
1.392,0.0070442621089372446,0.00735416957360084,0.0
1.393,0.0070588868096288825,0.0075430896323328885,0.0
1.394,0.007116819334995258,0.007696930459272194,0.0
1.395,0.0071306795811005245,0.007890855060166263,0.0
1.396,0.007135200403372068,0.00810794007083445,0.0
1.397,0.007242886603213341,0.008223274886787414,0.0
1.398,0.007179221902437911,0.008467511648302782,0.0
1.399,0.007188618894262251,0.008663028850908932,0.0
1.4,0.007255349482282086,0.008901954049480397,0.0
1.401,0.007369239094697964,0.009096178454793496,0.0
1.402,0.0073295422373034725,0.009304733641627674,0.0
1.403,0.007433880440627418,0.009526789187945342,0.0
1.404,0.007373176679883911,0.00989597479378443,0.0
1.405,0.007468100562753701,0.009991686108649778,0.0
1.406,0.007473726990563692,0.010123139522106249,0.0
1.407,0.007415498947775633,0.010380403201782205,0.0
1.408,0.007402224609135512,0.01060258362244228,0.0
1.409,0.007490510041250031,0.010786829734359056,0.0
1.41,0.007504045624734766,0.011005955183632975,0.0
1.411,0.007485695846956365,0.01127677297516228,0.0
1.412,0.0075575799385723804,0.011470391644840157,0.0
1.413,0.007565921687240276,0.011692636860468128,0.0
1.414,0.007584672574762728,0.011917029152296404,0.0
1.415,0.0075643278503118245,0.012207407302357871,0.0
1.416,0.007494293846082491,0.012493841668112547,0.0
1.417,0.007593224889896373,0.012714047012820653,0.0
1.418,0.00760126434658008,0.013003076438424256,0.0
1.419,0.007591586244941642,0.013286078012268738,0.0
1.42,0.007583570646337123,0.013569409312834674,0.0
1.421,0.007619574604592997,0.013834289985789538,0.0
1.422,0.007657763447306097,0.014084706777183091,0.0
1.423,0.007659443341831676,0.014388033954476714,0.0
1.424,0.007657478657105163,0.014668330291371212,0.0
1.425,0.007635311454708488,0.014958766449617031,0.0
1.426,0.007578876250852835,0.015263273196726112,0.0
1.427,0.0075625786660862985,0.01555934206414467,0.0
1.428,0.0076267906346548075,0.015813150092930862,0.0
1.429,0.0076100842329428105,0.01611750337657005,0.0
1.43,0.007596956352202501,0.016402899503192788,0.0
1.431,0.0075928081736047585,0.016735302863447273,0.0
1.432,0.007590576317711529,0.017039141504315642,0.0
1.433,0.007581536767018922,0.017322897412640235,0.0
1.434,0.00755544246422324,0.017670726079374238,0.0
1.435,0.007577690297315308,0.01798765024970529,0.0
1.436,0.007557194082874109,0.018348161434897887,0.0
1.437,0.007508692869314858,0.01871488039171207,0.0
1.438,0.0074874020603211385,0.01903066340489945,0.0
1.439,0.007531453299919182,0.01931893752157835,0.0
1.44,0.007463518509370557,0.01971536141511677,0.0
1.441,0.0074599831101474995,0.020094767897702523,0.0
1.442,0.007418084383267534,0.020444691565969654,0.0
1.443,0.007458332240855342,0.020760455115491187,0.0
1.444,0.007436427089695097,0.021150568055392786,0.0
1.445,0.007400600780260417,0.021548036669613368,0.0
1.446,0.007347369024148723,0.021943178721576626,0.0
1.447,0.007384457895164318,0.02229853827589193,0.0
1.448,0.00731184618679904,0.022691739938140224,0.0
1.449,0.00735187060907529,0.023057365323529366,0.0
1.45,0.007391663068729507,0.023450426366612778,0.0
1.451,0.007324137354018983,0.02388383105465401,0.0
1.452,0.00729871601093424,0.024255516086522433,0.0
1.453,0.007242830496083411,0.02464802240718174,0.0
1.454,0.0072234860438457,0.02507197060665178,0.0
1.455,0.007230633422545672,0.02546294834834517,0.0
1.456,0.007181875679845904,0.025848326327678455,0.0
1.457,0.007120082287022734,0.026287367236268528,0.0
1.458,0.007024308431286333,0.026730283202469257,0.0
1.459,0.0069791086994683985,0.02712707101568419,0.0
1.46,0.006905933515354503,0.027582267959555987,0.0
1.461,0.006947853029149288,0.028018391107661945,0.0
1.462,0.0068282701527274045,0.028513801819549104,0.0
1.463,0.00683492929033537,0.02889658260404116,0.0
1.464,0.006755973042062856,0.029355198514785717,0.0
1.465,0.006713146743987716,0.029772786905303602,0.0
1.466,0.006622473666544504,0.030218484476827706,0.0
1.467,0.006603095540075745,0.03068020277788873,0.0
1.468,0.006542594352166171,0.031129718159617962,0.0
1.469,0.006440548370735139,0.03161680994184314,0.0
1.47,0.0064039146285904645,0.03205647475928288,0.0
1.471,0.0063607666381098405,0.032505261982496605,0.0
1.472,0.006270649398933122,0.03298302938850419,0.0
1.473,0.0062037545648321825,0.033467321362264324,0.0
1.474,0.006145867627205563,0.0339480929667191,0.0
1.475,0.006119852294012492,0.0343964122035555,0.0
1.476,0.006016774465468661,0.034891148080175675,0.0
1.477,0.006033847127659514,0.03532262822454911,0.0
1.478,0.005922494064094657,0.035845979159584304,0.0
1.479,0.005837921433365822,0.03632348800803195,0.0
1.48,0.005755197621210042,0.036793882723097575,0.0
1.481,0.005651953074521538,0.03729227025140599,0.0
1.482,0.005598031056512497,0.03779790824917903,0.0
1.483,0.005519571480058704,0.038298280975266025,0.0
1.484,0.005514116437646664,0.03873609364314028,0.0
1.485,0.005418941892381882,0.039237924114049694,0.0
1.486,0.00536828170802864,0.039714235187659486,0.0
1.487,0.00518388754803958,0.04025063073534363,0.0
1.488,0.0051313218636609885,0.040716732054491445,0.0
1.489,0.0050186978504289615,0.04124451046211632,0.0
1.49,0.00497379348207267,0.04169084459937593,0.0
1.491,0.004900014094851281,0.04213331332939241,0.0
1.492,0.0047390016557863224,0.04268115815378561,0.0
1.493,0.004641470231837178,0.04315693740047762,0.0
1.494,0.004631896464279292,0.043615935772951586,0.0
1.495,0.004541669435838192,0.04409168523454254,0.0
1.496,0.0045014883392172625,0.04456444485840486,0.0
1.497,0.0043827281432745075,0.045093147044084014,0.0
1.498,0.004303651080340997,0.04558193494716447,0.0
1.499,0.004198438122608065,0.04608815811148398,0.0
1.5,0.004120166361120755,0.04655239558358459,0.0
1.501,0.004027916877899567,0.047006642543304195,0.0
1.502,0.003903512669237796,0.04748025685833933,0.0
1.503,0.0038015702019007936,0.04794288231962786,0.0
1.504,0.003681140650892602,0.04842864948295297,0.0
1.505,0.003669635817861918,0.04884898380216616,0.0
1.506,0.0035842264077629044,0.049325325952350556,0.0
1.507,0.0034687574796884698,0.0497874638886731,0.0
1.508,0.0034474098810945257,0.05020891325695075,0.0
1.509,0.003265356105500288,0.050745982438873564,0.0
1.51,0.0032407542868999615,0.051146485441630245,0.0
1.511,0.0031129215809279163,0.05161181138988433,0.0
1.512,0.003048007240543895,0.052049117471958666,0.0
1.513,0.00295451170851059,0.05250613402718485,0.0
1.514,0.002899978673016794,0.052950197566362274,0.0
1.515,0.0028235841163255313,0.053357726689436204,0.0
1.516,0.0027036854775901293,0.05381382790335585,0.0
1.517,0.0025878756315332783,0.054273773318122505,0.0
1.518,0.0025157984834435296,0.05472009543953651,0.0
1.519,0.0025005926438189724,0.055093461146551316,0.0
1.52,0.0023110696688442576,0.055602589876828215,0.0
1.521,0.0022856974035239236,0.05599373979742579,0.0
1.522,0.002163351941097785,0.05643739793610755,0.0
1.523,0.0021241458020735595,0.05682398413835304,0.0
1.524,0.0020321899212252456,0.057253206140041216,0.0
1.525,0.0019753463291669287,0.05764771346405093,0.0
1.526,0.0018416658955653126,0.058039861025498844,0.0
1.527,0.0017965991851379142,0.058408533197520304,0.0
1.528,0.00172463019541395,0.05880416615497359,0.0
1.529,0.00164108188407362,0.05919248149367913,0.0
1.53,0.0014547180490753744,0.05960146035150991,0.0
1.531,0.0013750748042178757,0.05995286796689424,0.0
1.532,0.001279234089096338,0.06032812437302699,0.0
1.533,0.0012339842920532102,0.06070657219590749,0.0
1.534,0.0011824870300646887,0.06105310755102016,0.0
1.535,0.0011112686232538909,0.061441197998231355,0.0
1.536,0.0010892345007519793,0.06180277526129453,0.0
1.537,0.0010138276462433077,0.06217051016016083,0.0
1.538,0.0009913535396516599,0.06252145615395899,0.0
1.539,0.000842064465681358,0.06292695995290194,0.0
1.54,0.0007967066561793832,0.06325429660122898,0.0
1.541,0.0007263304579781829,0.06360206150100835,0.0
1.542,0.0006541391360874927,0.06396062521724258,0.0
1.543,0.0006044949601425007,0.06427182524096263,0.0
1.544,0.000581868072968616,0.06460252441947369,0.0
1.545,0.0005139684201815192,0.06490547654298906,0.0
1.546,0.0004281103919813351,0.06525535841368087,0.0
1.547,0.0004191182467269293,0.06554719585856904,0.0
1.548,0.00030816239290693643,0.06589821379387024,0.0
1.549,0.00026678315520596265,0.06619015393538395,0.0
1.55,0.0001492286508343859,0.06654820369648096,0.0
1.551,0.00014973742710898503,0.06682827219802408,0.0
1.552,6.86254124372314e-5,0.06716567715367933,0.0
1.553,4.980867863802775e-5,0.06747518640516799,0.0
1.554,0.0,0.06776478339838972,0.0
1.555,0.0,0.06800498566853812,0.0
1.556,0.0,0.06824244187280527,0.0
1.557,0.0,0.06846273237357825,0.0
1.558,0.0,0.06876456681515755,0.0
1.559,0.0,0.06900898955357632,0.0
1.56,0.0,0.06923720313628601,0.0
1.561,0.0,0.06949703686396673,0.0
1.562,0.0,0.0697464976186122,0.0
1.563,0.0,0.0699955920195277,0.0
1.564,0.0,0.07025240883884046,0.0
1.565,0.0,0.07046668060601366,0.0
1.566,0.0,0.07071504012794926,0.0
1.567,0.0,0.07095443461331163,0.0
1.568,0.0,0.07118747343533803,0.0
1.569,0.0,0.07141905275497104,0.0
1.57,0.0,0.07169222805825769,0.0
1.571,0.0,0.07192468842680676,0.0
1.572,0.0,0.07213012456437075,0.0
1.573,1.0408340855860842e-25,0.07233438871221014,0.0
1.574,0.0,0.0725518704150018,0.0
1.575,0.0,0.07277984046815805,0.0
1.576,0.0,0.07299405610769749,0.0
1.577,1.0164395367051605e-28,0.07321170368738922,0.0
1.578,0.0,0.0734245960137064,0.0
1.579,0.0,0.07361619738023703,0.0
1.58,0.0,0.07382514259456457,0.0
1.581,1.2705494208814507e-29,0.07398459755598653,0.0
1.582,1.0164395367051605e-28,0.07418588743696285,0.0
1.583,0.0,0.07440417293883562,0.0
1.584,0.0,0.07464104928542196,0.0
1.585,0.0,0.07483623120230205,0.0
1.586,0.0,0.07498874392102203,0.0
1.587,0.0,0.07517322508643223,0.0
1.588,0.0,0.07538106295949554,0.0
1.589,0.0,0.07556199011554453,0.0
1.59,1.0164395367051605e-28,0.07575139829658145,0.0
1.591,0.0,0.07595813046657096,0.0
1.592,0.0,0.07614617637597389,0.0
1.593,0.0,0.07628706539411881,0.0
1.594,0.0,0.07647604347174197,0.0
1.595,0.0,0.07666467446761378,0.0
1.596,0.0,0.0768508507223142,0.0
1.597,1.040834085586084e-25,0.07705050488262849,0.0
1.598,0.0,0.07722155274781481,0.0
1.599,0.0,0.07744796839934452,0.0
1.6,0.0,0.07763239271065239,0.0
1.601,0.0,0.07783388753387686,0.0
1.602,0.0,0.07800105941553684,0.0
1.603,6.352747104369525e-30,0.07817939503416627,0.0
1.604,0.0,0.07835826713144631,0.0
1.605,0.0,0.07854935084480001,0.0
1.606,0.0,0.07869749084804549,0.0
1.607,0.0,0.07887029795165251,0.0
1.608,0.0,0.07904518304356813,0.0
1.609,0.0,0.07919916672571164,0.0
1.61,0.0,0.07937403586192585,0.0
1.611,0.0,0.07953313749476221,0.0
1.612,0.0,0.0797061567864331,0.0
1.613,0.0,0.07991885494062007,0.0
1.614,7.940933880509067e-31,0.08008295175783678,0.0
1.615,6.352747104407254e-22,0.08026316142760521,0.0
1.616,0.0,0.08045035185367429,0.0
1.617,0.0,0.08060849916974992,0.0
1.618,0.0,0.08075087566058485,0.0
1.619,0.0,0.0808910406342968,0.0
1.62,0.0,0.08104624442367105,0.0
1.621,0.0,0.08123855095857628,0.0
1.622,0.0,0.08142225225266751,0.0
1.623,0.0,0.08158132603535208,0.0
1.624,0.0,0.08171146939890417,0.0
1.625,0.0,0.08187280872829558,0.0
1.626,0.0,0.08204992193184035,0.0
1.627,0.0,0.0822304338710976,0.0
1.628,0.0,0.08238995269134224,0.0
1.629,0.0,0.08255981587759308,0.0
1.63,0.0,0.08272256124353897,0.0
1.631,0.0,0.08289983002395222,0.0
1.632,0.0,0.08306055265077616,0.0
1.633,0.0,0.08321158159890198,0.0
1.634,0.0,0.08339112871802482,0.0
1.635,0.0,0.08356327320736386,0.0
1.636,0.0,0.08372474362612298,0.0
1.637,0.0,0.08389679513308336,0.0
1.638,0.0,0.0840104169215409,0.0
1.639,0.0,0.08413814932770139,0.0
1.64,0.0,0.08426300732722083,0.0
1.641,0.0,0.08440171284132869,0.0
1.642,0.0,0.08455099177424641,0.0
1.643,0.0,0.08471031443023484,0.0
1.644,1.0408340855860844e-25,0.08488812710839523,0.0
1.645,0.0,0.0850468420061516,0.0
1.646,7.940933880509067e-31,0.08518308910235839,0.0
1.647,0.0,0.08532634268418823,0.0
1.648,0.0,0.08546532641595306,0.0
1.649,0.0,0.08560160398859933,0.0
1.65,1.2116903504194743e-27,0.08576216171210288,0.0
1.651,0.0,0.08589818436055427,0.0
1.652,0.0,0.08604294752102903,0.0
1.653,0.0,0.08620489012801429,0.0
1.654,1.040826144652204e-25,0.08636188127600701,0.0
1.655,0.0,0.08649256722693213,0.0
1.656,0.0,0.08667042361524806,0.0
1.657,1.0408340855860842e-25,0.08682622180473228,0.0
1.658,0.0,0.08698329453057793,0.0
1.659,0.0,0.08712428723197867,0.0
1.66,1.0164395367051605e-28,0.0872790947467237,0.0
1.661,0.0,0.08742278477876493,0.0
1.662,0.0,0.08754583682154461,0.0
1.663,0.0,0.08770419948745253,0.0
1.664,0.0,0.08784472701659103,0.0
1.665,0.0,0.08795774356175311,0.0
1.666,0.0,0.08810977938091519,0.0
1.667,0.0,0.08825253180574799,0.0
1.668,0.0,0.08836490113529498,0.0
1.669,0.0,0.0884927282542688,0.0
1.67,5.082197683525803e-29,0.08864942161209378,0.0
1.671,0.0,0.08880685869496019,0.0
1.672,0.0,0.0889313043384679,0.0
1.673,1.0408340855860844e-25,0.08906562259284488,0.0
1.674,0.0,0.08918889853011053,0.0
1.675,0.0,0.0893546998657863,0.0
1.676,0.0,0.08952161287736957,0.0
1.677,0.0,0.08969824420197973,0.0
1.678,0.0,0.08985464151861543,0.0
1.679,0.0,0.09000445335109881,0.0
1.68,0.0,0.0901634599140306,0.0
1.681,6.352747104407252e-30,0.09026073102456364,0.0
1.682,0.0,0.09041686186906302,0.0
1.683,6.352747104407253e-30,0.09055759316474687,0.0
1.684,0.0,0.09072230899273667,0.0
1.685,0.0,0.09086278254317412,0.0
1.686,0.0,0.09099410541753278,0.0
1.687,0.0,0.09110463626273982,0.0
1.688,0.0,0.09125686261732562,0.0
1.689,0.0,0.09140835052281579,0.0
1.69,2.5410988417629014e-29,0.09156062072280212,0.0
1.691,0.0,0.09170406882993287,0.0
1.692,0.0,0.09186665418053862,0.0
1.693,0.0,0.09194384615859738,0.0
1.694,0.0,0.09207514491983909,0.0
1.695,0.0,0.09220664116729871,0.0
1.696,0.0,0.09237303440677158,0.0
1.697,0.0,0.09252682914209853,0.0
1.698,1.2705494208814507e-29,0.09268294469297511,0.0
1.699,0.0,0.09280973040208118,0.0
1.7,0.0,0.09295507931003111,2.0328790719606484e-28
1.701,0.0,0.09309795981879034,0.0
1.702,6.505213034913026e-27,0.09321481657454304,5.224286986804405e-26
1.703,0.0,0.09335586784151423,0.0
1.704,0.0,0.0934664643273257,0.0
1.705,1.9324588834453637e-43,0.09357897284856495,3.76158192263132e-37
1.706,2.612622928692989e-46,0.09367189655402859,2.032879073410321e-28
1.707,4.171533123537458e-40,0.09381132147434992,0.0
1.708,0.0,0.09394809888289675,0.0
1.709,0.0,0.09408313109137859,0.0
1.71,0.0,0.09422265149278707,0.0
1.711,9.183549615799121e-41,0.09430455254922998,0.0
1.712,0.0,0.09444627567350851,2.0328790727242597e-28
1.713,2.7701391051541363e-40,0.09459125142884543,3.1019270410771328e-25
1.714,6.878185384393682e-30,0.09473332356372674,0.0
1.715,0.0,0.09489921550590624,2.4499902644739157e-31
1.716,3.269073142591278e-42,0.09500824954451562,0.0
1.717,2.782963344013678e-28,0.09515024043249809,6.505213034913027e-27
1.718,1.8901905011626806e-43,0.09528082173813639,3.252606517456513e-27
1.719,0.0,0.09532255281095252,7.562330259883301e-5
1.72,7.216720710606644e-27,0.09544758456834726,6.090617555463626e-5
1.721,2.0328790734102727e-28,0.09540168839224432,0.00025061660824140624
1.722,7.965459555662261e-59,0.09575517828862183,2.9870277348352476e-5
1.723,0.0,0.09538044192924473,0.0004929373509589424
1.724,0.0,0.09550767223078474,0.0004753176474529461
1.725,0.0,0.09570370956160461,0.0004038642633073693
1.726,5.082197683525802e-29,0.09567103409509264,0.0005299828109871071
1.727,3.8726346348466625e-26,0.09573819834286496,0.0005880527701515923
1.728,0.0,0.0958806653274521,0.0005575921125315615
1.729,0.0,0.09594746791789255,0.0006192339473025754
1.73,1.213882916710138e-25,0.09585900379754227,0.00083496513491366
1.731,1.0418505251227895e-27,0.09592755001902857,0.0008751500174165795
1.732,0.0,0.09584320809818836,0.0010643135670920976
1.733,0.0,0.0962512534954222,0.0007866024142849697
1.734,0.0,0.09602027469565987,0.0011447536372455444
1.735,0.0,0.0959353513146235,0.0013306813912279316
1.736,0.0,0.0959821392478959,0.0013887186191246573
1.737,8.131516293637073e-28,0.09619247735348851,0.0012821742842645289
1.738,0.0,0.0961821787026902,0.0014269444956015627
1.739,0.0,0.09633522821778906,0.0013699636919893563
1.74,0.0,0.09651570357176996,0.0012746637330214355
1.741,0.0,0.09642530118415678,0.0014988074150161942
1.742,0.0,0.09638875459238504,0.0016523616452294714
1.743,0.0,0.09636711149790407,0.0017831380510320884
1.744,0.0,0.09646652803422556,0.0017883287419450972
1.745,0.0,0.09656722627981944,0.001778627971920455
1.746,8.123384777347644e-25,0.09634096333062156,0.002095601649523765
1.747,4.236519988987109e-25,0.09656751261956045,0.0019552412385271992
1.748,2.032879073410321e-28,0.09647119072794126,0.002201626616944234
1.749,0.0,0.09649574118436764,0.0022657490530577085
1.75,4.3754729213341805e-41,0.09660494442459222,0.002403428784021998
1.751,0.0,0.09644163083432807,0.0025505296989989266
1.752,0.0,0.09648734502583253,0.002614136156779257
1.753,9.706997575534282e-27,0.0965636242806682,0.002624477315516173
1.754,0.0,0.09662768005710419,0.0026738119411526453
1.755,0.0,0.09650030060097221,0.0029598785894321107
1.756,0.0,0.09662906214192495,0.002928374915336372
1.757,3.4457300294304935e-26,0.09658614584712186,0.003056261153321335
1.758,2.03287907341032e-26,0.0967343561117951,0.002991187506869835
1.759,0.0,0.09669425464399901,0.0031295347775424885
1.76,0.0,0.09676427131266344,0.003185562210893781
1.761,0.0,0.09687173813881043,0.003147969942537186
1.762,0.0,0.09665491741305167,0.003460875025061478
1.763,1.003734042496346e-25,0.09656817766282558,0.0036762290574064004
1.764,0.0,0.0966464177748555,0.00374199440341308
1.765,0.0,0.09657694095843243,0.003938462392518791
1.766,0.0,0.09676014795954413,0.003820303995097538
1.767,0.0,0.09648267237400346,0.004157914048798825
1.768,0.0,0.09672985494197724,0.004018325210829454
1.769,1.0479491623430205e-25,0.09707166794965154,0.003810671511574765
1.77,7.444403166828596e-25,0.09697063659716892,0.003974264769442388
1.771,8.387659056890984e-25,0.09675794012813617,0.004235141834665466
1.772,8.131516293641286e-28,0.09690992046229589,0.004157763019792105
1.773,3.33066907387547e-24,0.09681232624893436,0.004338925097253856
1.774,4.9805537298552864e-27,0.09713484409532236,0.0041110673504990295
1.775,0.0,0.09697863242380522,0.004316197955048859
1.776,0.0,0.09700444943180873,0.004372540461544152
1.777,3.252606517456514e-26,0.09676770673002631,0.0047272335057582
1.778,9.183549615799121e-41,0.09682573720913594,0.004755104060093014
1.779,0.0,0.09704659376104845,0.004621877020736503
1.78,7.928228386300233e-27,0.09663025509154366,0.0050901568117031675
1.781,0.0,0.09700036167436343,0.004829890754041712
1.782,0.0,0.09698521161843733,0.004927757051295209
1.783,1.6657411127524173e-24,0.09677053130562627,0.005199799741166915
1.784,0.0,0.09709783607350463,0.0049271690959955495
1.785,1.044899843732905e-25,0.09711637182049736,0.004967941129455128
1.786,0.0,0.09703715074433153,0.005127704856039327
1.787,0.0,0.09709881485983352,0.00512730952778372
1.788,8.604160678209182e-26,0.0971105054621344,0.005193045898371285
1.789,2.388632911257127e-25,0.09716500429723492,0.005196489270640989
1.79,0.0,0.09712095014548708,0.005299810291665195
1.791,1.7279472123987734e-27,0.09721491154745414,0.005268043289296888
1.792,1.725914333325362e-24,0.09723919270950783,0.005331197159036728
1.793,0.0,0.09707091561218034,0.005589106382468632
1.794,0.0,0.09715655626599144,0.005567473164292438
1.795,0.0,0.09739351916208686,0.005424670067436918
1.796,0.0,0.09736224172890617,0.005513224777488849
1.797,0.0,0.09734353343697996,0.005608153923066749
1.798,0.0,0.09745193015745289,0.005563471962865145
1.799,0.0,0.09747913114467341,0.005584370054650696
1.8,0.0,0.09720973101509016,0.005939843585988829
1.801,5.082197683525803e-29,0.0973944659399886,0.005847803454422244
1.802,7.639559557875986e-25,0.09737812257320975,0.005933285403088223
1.803,0.0,0.09738582069695574,0.005939430688889631
1.804,0.0,0.09747876167231508,0.005914259959548206
1.805,0.0,0.09740159000819969,0.006070853598708493
1.806,4.0698239049674626e-25,0.09736646316811681,0.006179666408312261
1.807,0.0,0.09763145793705323,0.00597851041167983
1.808,0.0,0.09746923838546079,0.006191201244585725
1.809,0.0,0.09741334246883208,0.006308522962325885
1.81,2.0613393804380614e-25,0.09770637892631326,0.006082640773276812
1.811,0.0,0.09755542386608335,0.006276039265913693
1.812,2.8698592549372254e-42,0.09766573134421806,0.006234689155115332
1.813,1.320558246087345e-24,0.09759475264810227,0.006333809452407132
1.814,5.082197683525803e-29,0.09754164036591881,0.006439301649603987
1.815,0.0,0.0975437836775384,0.006524170355350272
1.816,0.0,0.0972966750230334,0.00685012469881793
1.817,0.0,0.097509547845967,0.006694090291795743
1.818,0.0,0.09740257184987212,0.006872098225544123
1.819,0.0,0.09751605185760338,0.006806874708984771
1.82,8.858270562385473e-26,0.09734385797515824,0.0070482195478304465
1.821,0.0,0.09738375396841305,0.007057772446673886
1.822,0.0,0.09740147719704492,0.007100292865279832
1.823,2.5410988417629014e-29,0.09746562749983258,0.007088512671083836
1.824,0.0,0.0974195753695878,0.007213884170289019
1.825,9.147955830346444e-28,0.09755001446182376,0.00713583819894758
1.826,3.699839913606785e-26,0.0971910209937002,0.007554426383423104
1.827,5.082197683525802e-29,0.09744171027094506,0.007368830125352072
1.828,0.0,0.09723812588818175,0.007625265933267281
1.829,0.0,0.09699360839068859,0.007920550448830282
1.83,0.0,0.09736383913282601,0.007623377948337731
1.831,0.0,0.0972672966572076,0.007763531411833715
1.832,0.0,0.09733886624579229,0.007747011287781093
1.833,0.0,0.09717738933522466,0.007963313259392467
1.834,4.621297602213964e-274,0.0972174112651602,0.00798309103734065
1.835,0.0,0.09728841737720377,0.007971863040325261
1.836,0.0,0.09697902689064483,0.008326074689501469
1.837,1.626303258728257e-27,0.09694483690305039,0.008416397182668931
1.838,0.0,0.09685144638324208,0.008552960664548345
1.839,0.0,0.09732641164754535,0.008158821907456275
1.84,2.032879073410321e-26,0.09711477637730301,0.008390828935076505
1.841,4.106415728288847e-25,0.09717787669880364,0.008364720599955407
1.842,4.11454724458249e-25,0.09742057061297897,0.008185677287887038
1.843,0.0,0.09703669293311004,0.008639358322669573
1.844,0.0,0.09682132818922774,0.008928190666964125
1.845,1.0164395367051605e-28,0.09706337721263034,0.008738998765446124
1.846,0.0,0.09704802871987268,0.008804462967411462
1.847,4.065758146818536e-28,0.09683960052153251,0.009069138880220286
1.848,0.0,0.0970747458494197,0.008881798707055834
1.849,0.0,0.09707796525477462,0.00891860701463729
1.85,0.0,0.09640584193038196,0.009592426286331664
1.851,0.0,0.09679733789271096,0.00927616603160669
1.852,0.0,0.09690797690976699,0.009211096002596585
1.853,8.700722434196174e-26,0.09687627198630741,0.009281683282557133
1.854,0.0,0.09671515932561281,0.009502573145231556
1.855,5.188923834879844e-26,0.09682584588886682,0.0094360821568839
1.856,3.811648262644398e-27,0.0968487953505915,0.009463313225873652
1.857,1.5043305143236376e-26,0.09673199938935878,0.009609672499332153
1.858,0.0,0.0967096777385482,0.009625910309632165
1.859,0.0,0.09679711383101529,0.00955246014924637
1.86,2.4545467326488633e-91,0.09673419971874377,0.00965542419689417
1.861,0.0,0.09679677009631205,0.00963978371474978
1.862,0.0,0.09711985418772912,0.009325233059943212
1.863,0.0,0.0970251970532441,0.009458027336730948
1.864,0.0,0.09722191894559899,0.009344943562076876
1.865,5.082197683525796e-28,0.09693464674450507,0.009664267694816996
1.866,1.9515639104739054e-26,0.09683352391896896,0.009783577954191703
1.867,0.0,0.09719575453674188,0.009479645348987426
1.868,0.0,0.09706876094742051,0.009637503404053007
1.869,0.0,0.09688209660539654,0.009851561303699914
1.87,0.0,0.09706164369328849,0.009704395591291723
1.871,4.293440603042604e-25,0.09696431153752277,0.009844544745183356
1.872,0.0,0.09676707867957879,0.010078780282766082
1.873,0.0,0.09695391546248078,0.009959367418468104
1.874,4.7721836248307275e-26,0.09682511870699503,0.01014627915425166
1.875,9.078837941850494e-25,0.09673522437150792,0.010287386063826396
1.876,0.0,0.09664625507199805,0.010412731653365651
1.877,0.0,0.09695529598612844,0.01014895777205646
1.878,1.272175724140179e-24,0.09696438348983574,0.010181821714918408
1.879,8.45677694538693e-26,0.09682388867892117,0.010359570187825885
1.88,0.0,0.09680654024375528,0.010434782418175673
1.881,2.541098841762902e-29,0.09654854913248503,0.010735223657267274
1.882,0.0,0.0966778076289657,0.01067398737272931
1.883,1.6653345369372487e-24,0.09664199597047582,0.010734976457270156
1.884,0.0,0.09640361352657038,0.01100503186916382
1.885,0.0,0.09666548413620718,0.010762093470543506
1.886,0.0,0.09660722793119095,0.010830813224440706
1.887,3.252606517456513e-27,0.09676406411013785,0.010726045064907644
1.888,4.634964287375532e-26,0.09667272885805449,0.01086731510502558
1.889,0.0,0.09651926245873327,0.011062574818884613
1.89,0.0,0.09647447256344059,0.0111375467313667
1.891,0.0,0.09649093087673634,0.011180897786422048
1.892,0.0,0.09616511051320956,0.01152995809861757
1.893,8.131516293005245e-28,0.0967418034371456,0.01098562870370432
1.894,2.032879073410321e-25,0.0966715432944835,0.011086277547897838
1.895,0.0,0.09644548123784571,0.011354358802993668
1.896,0.0,0.09631127119926026,0.011498976220309726
1.897,5.1635128464622154e-26,0.09672907374241298,0.011122532217135904
1.898,0.0,0.09656259508484864,0.011347985510031732
1.899,0.0,0.09648125779091483,0.01147424287656404
